temporada;ronda;piloto;vuelta_f1db;vuelta_formula1db_ergast;tiempo_ms;vuelta_statsf1;veredicto;decision_propuesta
1998;8;Heinz-Harald Frentzen;47;48.0;79229;48;formula1db+Ergast;corregir F1DB
1998;3;Michael Schumacher;23;53.0;88272;53;formula1db+Ergast;corregir F1DB
1998;3;Olivier Panis;57;58.0;89201;58;formula1db+Ergast;corregir F1DB
1998;1;Alexander Wurz;54;55.0;94738;55;formula1db+Ergast;corregir F1DB
1998;2;Eddie Irvine;60;61.0;80378;61;formula1db+Ergast;corregir F1DB
1998;4;Olivier Panis;53;55.0;90481;55;formula1db+Ergast;corregir F1DB
1998;5;Olivier Panis;57;59.0;86502;59;formula1db+Ergast;corregir F1DB
1998;6;Giancarlo Fisichella;26;25.0;83594;25;formula1db+Ergast;corregir F1DB
2001;14;Mika Häkkinen;13;9.0;111741;13;F1DB;mantener F1DB
2001;14;Ralf Schumacher;25;21.0;111058;25;F1DB;mantener F1DB
1998;2;Toranosuke Takagi;19;18.0;83226;18;formula1db+Ergast;corregir F1DB
1998;2;Mika Salo;13;12.0;83565;12;formula1db+Ergast;corregir F1DB
1998;4;Michael Schumacher;46;48.0;89345;48;formula1db+Ergast;corregir F1DB
1998;2;Heinz-Harald Frentzen;58;59.0;80271;59;formula1db+Ergast;corregir F1DB
1998;8;Alexander Wurz;34;36.0;79320;36;formula1db+Ergast;corregir F1DB
1998;8;Ralf Schumacher;53;56.0;79052;56;formula1db+Ergast;corregir F1DB
1998;4;Jean Alesi;23;24.0;90391;24;formula1db+Ergast;corregir F1DB
1998;4;Toranosuke Takagi;21;22.0;92430;22;formula1db+Ergast;corregir F1DB
1998;5;Ralf Schumacher;40;41.0;86533;41;formula1db+Ergast;corregir F1DB
1998;3;Damon Hill;46;48.0;89310;48;formula1db+Ergast;corregir F1DB
1998;3;Ricardo Rosset;42;43.0;93091;43;formula1db+Ergast;corregir F1DB
1998;6;Pedro Diniz;40;39.0;84456;39;formula1db+Ergast;corregir F1DB
1998;4;Shinji Nakano;21;22.0;93889;22;formula1db+Ergast;corregir F1DB
1998;5;Johnny Herbert;25;26.0;86354;26;formula1db+Ergast;corregir F1DB
1998;5;Jarno Trulli;25;26.0;86394;26;formula1db+Ergast;corregir F1DB
2001;14;David Coulthard;35;31.0;111608;35;F1DB;mantener F1DB
2001;14;Enrique Bernoldi;8;4.0;115196;8;F1DB;mantener F1DB
1998;1;Mika Salo;18;17.0;96032;17;formula1db+Ergast;corregir F1DB
1998;7;Ricardo Rosset;59;60.0;83418;60;formula1db+Ergast;corregir F1DB
1998;8;Jean Alesi;46;48.0;79660;48;formula1db+Ergast;corregir F1DB
1998;8;Olivier Panis;31;32.0;79953;32;formula1db+Ergast;corregir F1DB
1998;4;Alexander Wurz;14;15.0;91562;15;formula1db+Ergast;corregir F1DB
1998;5;David Coulthard;61;63.0;84778;63;formula1db+Ergast;corregir F1DB
1998;2;Jarno Trulli;9;8.0;82933;8;formula1db+Ergast;corregir F1DB
1998;3;Jean Alesi;44;45.0;89000;45;formula1db+Ergast;corregir F1DB
1998;3;David Coulthard;57;58.0;88468;58;formula1db+Ergast;corregir F1DB
1998;1;Johnny Herbert;24;23.0;95624;23;formula1db+Ergast;corregir F1DB
1998;6;Heinz-Harald Frentzen;6;5.0;86777;5;formula1db+Ergast;corregir F1DB
1998;7;Giancarlo Fisichella;35;34.0;80942;34;formula1db+Ergast;corregir F1DB
1998;7;Pedro Diniz;66;67.0;81814;67;formula1db+Ergast;corregir F1DB
1998;8;David Coulthard;56;59.0;77523;59;formula1db+Ergast;corregir F1DB
1998;5;Alexander Wurz;43;44.0;85343;44;formula1db+Ergast;corregir F1DB
1998;2;Esteban Tuero;38;37.0;83293;37;formula1db+Ergast;corregir F1DB
1998;1;David Coulthard;24;23.0;92356;23;formula1db+Ergast;corregir F1DB
1998;1;Eddie Irvine;33;32.0;93790;32;formula1db+Ergast;corregir F1DB
1998;2;Jan Magnussen;26;56.0;80991;56;formula1db+Ergast;corregir F1DB
1998;6;Rubens Barrichello;10;9.0;87719;9;formula1db+Ergast;corregir F1DB
1998;8;Mika Häkkinen;51;52.0;78493;52;formula1db+Ergast;corregir F1DB
1998;8;Jacques Villeneuve;41;42.0;78913;42;formula1db+Ergast;corregir F1DB
1998;8;Giancarlo Fisichella;46;48.0;79307;48;formula1db+Ergast;corregir F1DB
1998;8;Shinji Nakano;41;42.0;81883;42;formula1db+Ergast;corregir F1DB
2001;14;Giancarlo Fisichella;14;10.0;111725;14;F1DB;mantener F1DB
1998;2;Pedro Diniz;17;16.0;82969;16;formula1db+Ergast;corregir F1DB
1998;1;Jarno Trulli;25;24.0;94885;24;formula1db+Ergast;corregir F1DB
1998;2;Jacques Villeneuve;58;59.0;80129;59;formula1db+Ergast;corregir F1DB
1998;6;Alexander Wurz;41;40.0;83970;40;formula1db+Ergast;corregir F1DB
1996;3;Jean Alesi;65;66.0;89413;66;formula1db+Ergast;corregir F1DB
1997;10;David Coulthard;1;;142236;1;F1DB;mantener F1DB
1998;8;Johnny Herbert;49;51.0;79771;51;formula1db+Ergast;corregir F1DB
1998;6;Ralf Schumacher;24;23.0;86228;23;formula1db+Ergast;corregir F1DB
1998;7;Michael Schumacher;47;48.0;79379;48;formula1db+Ergast;corregir F1DB
2010;9;Vitaly Petrov;57;;100100;57;F1DB;mantener F1DB
2001;14;Rubens Barrichello;24;20.0;111776;24;F1DB;mantener F1DB
1998;3;Giancarlo Fisichella;69;70.0;88507;70;formula1db+Ergast;corregir F1DB
1998;7;Heinz-Harald Frentzen;13;12.0;82430;12;formula1db+Ergast;corregir F1DB
1998;7;Mika Salo;9;8.0;84451;8;formula1db+Ergast;corregir F1DB
1998;8;Rubens Barrichello;42;43.0;80651;43;formula1db+Ergast;corregir F1DB
1998;8;Mika Salo;60;61.0;81502;61;formula1db+Ergast;corregir F1DB
1998;4;Mika Salo;19;20.0;91267;20;formula1db+Ergast;corregir F1DB
1998;4;Damon Hill;53;55.0;90859;55;formula1db+Ergast;corregir F1DB
1998;4;Jacques Villeneuve;55;57.0;89726;57;formula1db+Ergast;corregir F1DB
1998;1;Shinji Nakano;3;2.0;99676;2;formula1db+Ergast;corregir F1DB
1998;6;Toranosuke Takagi;59;60.0;86506;60;formula1db+Ergast;corregir F1DB
1998;5;Esteban Tuero;45;47.0;87601;47;formula1db+Ergast;corregir F1DB
1998;5;Damon Hill;37;38.0;86501;38;formula1db+Ergast;corregir F1DB
2001;14;Michael Schumacher;7;3.0;109758;7;F1DB;mantener F1DB
2001;14;Heinz-Harald Frentzen;19;15.0;114051;19;F1DB;mantener F1DB
2001;14;Tarso Marques;12;8.0;116484;12;F1DB;mantener F1DB
1998;4;Eddie Irvine;58;46.0;90206;60;otra;mantener F1DB (sin acuerdo)
1998;1;Michael Schumacher;3;2.0;95774;2;formula1db+Ergast;corregir F1DB
1998;7;David Coulthard;12;11.0;80852;11;formula1db+Ergast;corregir F1DB
1998;8;Toranosuke Takagi;35;37.0;80299;37;formula1db+Ergast;corregir F1DB
1998;5;Jean Alesi;31;32.0;85668;32;formula1db+Ergast;corregir F1DB
1998;6;Mika Salo;39;38.0;84582;38;formula1db+Ergast;corregir F1DB
1998;2;Michael Schumacher;62;63.0;79627;63;formula1db+Ergast;corregir F1DB
1998;6;Jarno Trulli;26;25.0;86501;25;formula1db+Ergast;corregir F1DB
1998;8;Jos Verstappen;45;47.0;80849;47;formula1db+Ergast;corregir F1DB
1998;5;Michael Schumacher;45;47.0;84625;47;formula1db+Ergast;corregir F1DB
1998;5;Rubens Barrichello;23;24.0;86532;24;formula1db+Ergast;corregir F1DB
1998;1;Heinz-Harald Frentzen;33;32.0;93554;32;formula1db+Ergast;corregir F1DB
1998;1;Esteban Tuero;19;20.0;96475;20;formula1db+Ergast;corregir F1DB
1998;7;Eddie Irvine;53;54.0;81327;54;formula1db+Ergast;corregir F1DB
1998;7;Jan Magnussen;33;32.0;82867;32;formula1db+Ergast;corregir F1DB
1998;7;Damon Hill;26;25.0;81933;25;formula1db+Ergast;corregir F1DB
2001;14;Jacques Villeneuve;15;11.0;112372;15;F1DB;mantener F1DB
2001;14;Olivier Panis;28;24.0;112533;28;F1DB;mantener F1DB
1998;3;Toranosuke Takagi;41;42.0;91057;42;formula1db+Ergast;corregir F1DB
1998;1;Mika Häkkinen;38;39.0;91649;39;formula1db+Ergast;corregir F1DB
1998;6;Jan Magnussen;25;24.0;86637;24;formula1db+Ergast;corregir F1DB
1998;4;Heinz-Harald Frentzen;39;40.0;90283;40;formula1db+Ergast;corregir F1DB
1998;5;Jan Magnussen;43;44.0;87203;44;formula1db+Ergast;corregir F1DB
1998;6;Mika Häkkinen;30;29.0;82948;29;formula1db+Ergast;corregir F1DB
1998;6;Eddie Irvine;29;28.0;84457;28;formula1db+Ergast;corregir F1DB
1998;1;Damon Hill;55;56.0;94196;56;formula1db+Ergast;corregir F1DB
1998;1;Jean Alesi;28;27.0;94878;27;formula1db+Ergast;corregir F1DB
1998;8;Eddie Irvine;24;25.0;78956;25;formula1db+Ergast;corregir F1DB
1998;8;Jarno Trulli;5;6.0;79869;6;formula1db+Ergast;corregir F1DB
1998;4;Esteban Tuero;53;55.0;93443;55;formula1db+Ergast;corregir F1DB
1998;5;Heinz-Harald Frentzen;3;4.0;86011;4;formula1db+Ergast;corregir F1DB
2001;14;Jos Verstappen;8;4.0;114095;8;F1DB;mantener F1DB
1998;2;Ricardo Rosset;24;14.0;83342;14;formula1db+Ergast;corregir F1DB
1998;6;Michael Schumacher;64;65.0;83189;65;formula1db+Ergast;corregir F1DB
