temporada;ronda;gran_premio;dorsal;piloto;parrilla_fastf1;parrilla_f1db;parrilla_fia;decision_propuesta;fuente_fia
2018;7;Canada;18;lance-stroll;17;16;16;mantener F1DB;Race Lap Chart, fila GRID
2018;7;Canada;35;sergey-sirotkin;18;17;17;mantener F1DB;Race Lap Chart, fila GRID
2018;7;Canada;10;pierre-gasly;16;19;19;mantener F1DB;Race Lap Chart, fila GRID
2018;7;Canada;9;marcus-ericsson;19;18;18;mantener F1DB;Race Lap Chart, fila GRID
2018;9;Austria;9;marcus-ericsson;20;18;18;mantener F1DB;Race Lap Chart, fila GRID
2018;9;Austria;11;sergio-perez;16;15;15;mantener F1DB;Race Lap Chart, fila GRID
2018;9;Austria;2;stoffel-vandoorne;15;14;14;mantener F1DB;Race Lap Chart, fila GRID
2018;9;Austria;16;charles-leclerc;18;17;17;mantener F1DB;Race Lap Chart, fila GRID
2018;9;Austria;18;lance-stroll;14;13;13;mantener F1DB;Race Lap Chart, fila GRID
2018;9;Austria;35;sergey-sirotkin;17;16;16;mantener F1DB;Race Lap Chart, fila GRID
2018;11;Germany;28;brendon-hartley;17;16;16;mantener F1DB;Race Lap Chart, fila GRID
2018;11;Germany;3;daniel-ricciardo;20;19;19;mantener F1DB;Race Lap Chart, fila GRID
2018;11;Germany;2;stoffel-vandoorne;19;18;18;mantener F1DB;Race Lap Chart, fila GRID
2018;11;Germany;18;lance-stroll;18;17;17;mantener F1DB;Race Lap Chart, fila GRID
2018;11;Germany;10;pierre-gasly;16;20;20;mantener F1DB;Race Lap Chart, fila GRID
2018;12;Hungary;16;charles-leclerc;17;16;16;mantener F1DB;Race Lap Chart, fila GRID
2018;12;Hungary;31;esteban-ocon;18;17;17;mantener F1DB;Race Lap Chart, fila GRID
2018;12;Hungary;2;stoffel-vandoorne;16;15;15;mantener F1DB;Race Lap Chart, fila GRID
2018;12;Hungary;11;sergio-perez;19;18;18;mantener F1DB;Race Lap Chart, fila GRID
2018;12;Hungary;35;sergey-sirotkin;20;19;19;mantener F1DB;Race Lap Chart, fila GRID
2018;13;Belgium;77;valtteri-bottas;19;17;17;mantener F1DB;Race Lap Chart, fila GRID
2018;13;Belgium;2;stoffel-vandoorne;18;20;20;mantener F1DB;Race Lap Chart, fila GRID
2018;13;Belgium;18;lance-stroll;17;16;16;mantener F1DB;Race Lap Chart, fila GRID
2018;13;Belgium;27;nico-hulkenberg;20;18;18;mantener F1DB;Race Lap Chart, fila GRID
2018;13;Belgium;14;fernando-alonso;15;14;14;mantener F1DB;Race Lap Chart, fila GRID
2018;13;Belgium;35;sergey-sirotkin;16;15;15;mantener F1DB;Race Lap Chart, fila GRID
2018;13;Belgium;55;carlos-sainz-jr;14;19;19;mantener F1DB;Race Lap Chart, fila GRID
2020;2;Styria;26;daniil-kvyat;13;14;13;corregir F1DB;Parrilla final oficial (decision document)
2020;2;Styria;63;george-russell;11;12;11;corregir F1DB;Parrilla final oficial (decision document)
2020;2;Styria;18;lance-stroll;12;13;12;corregir F1DB;Parrilla final oficial (decision document)
2020;2;Styria;16;charles-leclerc;14;11;14;corregir F1DB;Parrilla final oficial (decision document)
2022;18;Japan;6;nicholas-latifi;20;19;19;mantener F1DB;Race Lap Chart, fila GRID
2022;18;Japan;18;lance-stroll;19;18;18;mantener F1DB;Race Lap Chart, fila GRID
2022;18;Japan;20;kevin-magnussen;18;17;17;mantener F1DB;Race Lap Chart, fila GRID
2023;17;Qatar;27;nico-hulkenberg;14;12;14;corregir F1DB;Parrilla final oficial (decision document)
