season;round;grand_prix_id;session_type;driver_id;driver_name;field;f1db_value;proposed_value;decision;evidence
1950;4;switzerland;RACE_RESULT;johnny-claes;Johnny Claes;race_laps;39;38;A3;"Stats F1: 38 vueltas; formula1db y Ergast: 38"
1953;1;argentina;RACE_RESULT;felice-bonetto;Felice Bonetto;race_laps;31;32;A3;"Stats F1: 32 vueltas; formula1db y Ergast: 32"
1953;1;argentina;RACE_RESULT;nino-farina;Nino Farina;race_laps;30;31;A3;"Stats F1: 31 vueltas; formula1db y Ergast: 31"
1953;4;belgium;RACE_RESULT;juan-manuel-fangio;Juan Manuel Fangio;race_laps;13;35;A3;"Stats F1: 35 vueltas; formula1db y Ergast: 35"
1953;6;great-britain;RACE_RESULT;ian-stewart;Ian Stewart;race_laps;26;24;A3;"Stats F1: 24 vueltas; formula1db y Ergast: 24"
1953;6;great-britain;RACE_RESULT;luigi-villoresi;Luigi Villoresi;race_laps;67;65;A3;"Stats F1: 65 vueltas; formula1db y Ergast: 65"
1953;6;great-britain;RACE_RESULT;onofre-marimon;Onofre Marimón;race_laps;67;65;A3;"Stats F1: 65 vueltas; formula1db y Ergast: 65"
1953;8;switzerland;RACE_RESULT;emmanuel-de-graffenried;Emmanuel de Graffenried;race_laps;48;49;A3;"Stats F1: 49 vueltas; formula1db y Ergast: 49"
1953;8;switzerland;RACE_RESULT;felice-bonetto;Felice Bonetto;race_laps;29;64;A3;"Stats F1: 64 vueltas; formula1db y Ergast: 64"
1953;8;switzerland;RACE_RESULT;juan-manuel-fangio;Juan Manuel Fangio;race_laps;64;29;A3;"Stats F1: 29 vueltas; formula1db y Ergast: 29"
1954;8;italy;RACE_RESULT;luigi-musso;Luigi Musso;race_laps;33;32;A3;"Stats F1: 32 vueltas; formula1db y Ergast: 32"
1955;1;argentina;RACE_RESULT;jean-behra;Jean Behra;race_laps;2;54;A3;"Stats F1: 54 vueltas; formula1db y Ergast: 54"
1955;5;netherlands;RACE_RESULT;mike-hawthorn;Mike Hawthorn;race_laps;97;95;A3;"Stats F1: 95 vueltas; formula1db y Ergast: 95"
1957;4;france;RACE_RESULT;jean-behra;Jean Behra;race_laps;70;69;A3;"Stats F1: 69 vueltas; formula1db y Ergast: 69"
1957;8;italy;RACE_RESULT;jean-behra;Jean Behra;race_laps;50;49;A3;"Stats F1: 49 vueltas; formula1db y Ergast: 49"
1958;2;monaco;RACE_RESULT;giorgio-scarlatti;Giorgio Scarlatti;race_laps;27;28;A3;"Stats F1: 28 vueltas; formula1db y Ergast: 28"
1958;2;monaco;RACE_RESULT;jean-behra;Jean Behra;race_laps;30;29;A3;"Stats F1: 29 vueltas; formula1db y Ergast: 29"
1958;2;monaco;RACE_RESULT;stuart-lewis-evans;Stuart Lewis-Evans;race_laps;12;11;A3;"Stats F1: 11 vueltas; formula1db y Ergast: 11"
1958;3;netherlands;RACE_RESULT;giorgio-scarlatti;Giorgio Scarlatti;race_laps;51;52;A3;"Stats F1: 52 vueltas; formula1db y Ergast: 52"
1958;9;portugal;RACE_RESULT;tony-brooks;Tony Brooks;race_laps;36;37;A3;"Stats F1: 37 vueltas; formula1db y Ergast: 37"
1959;6;germany;RACE_RESULT;hans-herrmann;Hans Herrmann;race_laps;35;36;A3;"Stats F1: 36 vueltas; formula1db y Ergast: 36"
1959;8;italy;RACE_RESULT;olivier-gendebien;Olivier Gendebien;race_laps;70;71;A3;"Stats F1: 71 vueltas; formula1db y Ergast: 71"
1960;6;france;RACE_RESULT;gino-munaron;Gino Munaron;race_laps;15;16;A3;"Stats F1: 16 vueltas; formula1db y Ergast: 16"
1960;7;great-britain;RACE_RESULT;gino-munaron;Gino Munaron;race_laps;68;70;A3;"Stats F1: 70 vueltas; formula1db y Ergast: 70"
1960;7;great-britain;RACE_RESULT;jack-fairman;Jack Fairman;race_laps;44;46;A3;"Stats F1: 46 vueltas; formula1db y Ergast: 46"
1960;7;great-britain;RACE_RESULT;jim-clark;Jim Clark;race_laps;68;70;A3;"Stats F1: 70 vueltas; formula1db y Ergast: 70"
1960;7;great-britain;RACE_RESULT;lucien-bianchi;Lucien Bianchi;race_laps;60;62;A3;"Stats F1: 62 vueltas; formula1db y Ergast: 62"
1962;4;france;RACE_RESULT;jack-brabham;Jack Brabham;race_laps;10;11;A3;"Stats F1: 11 vueltas; formula1db y Ergast: 11"
1962;4;france;RACE_RESULT;jackie-lewis;Jackie Lewis;race_laps;27;28;A3;"Stats F1: 28 vueltas; formula1db y Ergast: 28"
1962;4;france;RACE_RESULT;jim-clark;Jim Clark;race_laps;33;34;A3;"Stats F1: 34 vueltas; formula1db y Ergast: 34"
1962;4;france;RACE_RESULT;jo-bonnier;Jo Bonnier;race_laps;42;43;A3;"Stats F1: 43 vueltas; formula1db y Ergast: 43"
1962;4;france;RACE_RESULT;jo-siffert;Jo Siffert;race_laps;5;6;A3;"Stats F1: 6 vueltas; formula1db y Ergast: 6"
1962;4;france;RACE_RESULT;masten-gregory;Masten Gregory;race_laps;14;15;A3;"Stats F1: 15 vueltas; formula1db y Ergast: 15"
1962;4;france;RACE_RESULT;roy-salvadori;Roy Salvadori;race_laps;20;21;A3;"Stats F1: 21 vueltas; formula1db y Ergast: 21"
1962;5;great-britain;RACE_RESULT;phil-hill;Phil Hill;race_laps;46;47;A3;"Stats F1: 47 vueltas; formula1db y Ergast: 47"
1963;9;mexico;RACE_RESULT;jim-hall;Jim Hall;race_laps;60;61;A3;"Stats F1: 61 vueltas; formula1db y Ergast: 61"
1964;1;monaco;RACE_RESULT;john-surtees;John Surtees;race_laps;14;15;A3;"Stats F1: 15 vueltas; formula1db y Ergast: 15"
1964;1;monaco;RACE_RESULT;lorenzo-bandini;Lorenzo Bandini;race_laps;67;68;A3;"Stats F1: 68 vueltas; formula1db y Ergast: 68"
1964;1;monaco;RACE_RESULT;trevor-taylor;Trevor Taylor;race_laps;7;8;A3;"Stats F1: 8 vueltas; formula1db y Ergast: 8"
1964;2;netherlands;RACE_RESULT;lorenzo-bandini;Lorenzo Bandini;race_laps;25;20;A3;"Stats F1: 20 vueltas; formula1db y Ergast: 20"
1964;3;belgium;RACE_RESULT;jo-siffert;Jo Siffert;race_laps;13;14;A3;"Stats F1: 14 vueltas; formula1db y Ergast: 14"
1964;4;france;RACE_RESULT;innes-ireland;Innes Ireland;race_laps;31;32;A3;"Stats F1: 32 vueltas; formula1db y Ergast: 32"
1964;5;great-britain;RACE_RESULT;bruce-mclaren;Bruce McLaren;race_laps;6;7;A3;"Stats F1: 7 vueltas; formula1db y Ergast: 7"
1964;5;great-britain;RACE_RESULT;trevor-taylor;Trevor Taylor;race_laps;22;23;A3;"Stats F1: 23 vueltas; formula1db y Ergast: 23"
1964;7;austria;RACE_RESULT;john-surtees;John Surtees;race_laps;8;9;A3;"Stats F1: 9 vueltas; formula1db y Ergast: 9"
1964;9;united-states;RACE_RESULT;bruce-mclaren;Bruce McLaren;race_laps;26;27;A3;"Stats F1: 27 vueltas; formula1db y Ergast: 27"
1964;10;mexico;RACE_RESULT;chris-amon;Chris Amon;race_laps;45;46;A3;"Stats F1: 46 vueltas; formula1db y Ergast: 46"
1964;10;mexico;RACE_RESULT;jo-siffert;Jo Siffert;race_laps;10;11;A3;"Stats F1: 11 vueltas; formula1db y Ergast: 11"
1964;10;mexico;RACE_RESULT;mike-hailwood;Mike Hailwood;race_laps;11;12;A3;"Stats F1: 12 vueltas; formula1db y Ergast: 12"
1964;10;mexico;RACE_RESULT;trevor-taylor;Trevor Taylor;race_laps;5;6;A3;"Stats F1: 6 vueltas; formula1db y Ergast: 6"
1965;7;germany;RACE_RESULT;paul-hawkins;Paul Hawkins;race_laps;4;3;A3;"Stats F1: 3 vueltas; formula1db y Ergast: 3"
1965;7;germany;RACE_RESULT;richard-attwood;Richard Attwood;race_laps;7;8;A3;"Stats F1: 8 vueltas; formula1db y Ergast: 8"
1966;6;germany;RACE_RESULT;jo-bonnier;Jo Bonnier;race_laps;4;3;A3;"Stats F1: 3 vueltas; formula1db y Ergast: 3"
1968;1;south-africa;RACE_RESULT;jackie-pretorius;Jackie Pretorius;race_laps;70;71;A3;"Stats F1: 71 vueltas; formula1db y Ergast: 71"
1968;1;south-africa;RACE_RESULT;jo-bonnier;Jo Bonnier;race_laps;47;46;A3;"Stats F1: 46 vueltas; formula1db y Ergast: 46"
1971;4;netherlands;RACE_RESULT;david-walker;David Walker;race_laps;6;5;A3;"Stats F1: 5 vueltas; formula1db y Ergast: 5"
1973;1;argentina;RACE_RESULT;ronnie-peterson;Ronnie Peterson;race_laps;66;67;A3;"Stats F1: 67 vueltas; formula1db y Ergast: 67"
1974;1;argentina;RACE_RESULT;emerson-fittipaldi;Emerson Fittipaldi;race_laps;51;52;A3;"Stats F1: 52 vueltas; formula1db y Ergast: 52"
1974;1;argentina;RACE_RESULT;guy-edwards;Guy Edwards;race_laps;50;51;A3;"Stats F1: 51 vueltas; formula1db y Ergast: 51"
1974;3;south-africa;RACE_RESULT;john-watson;John Watson;race_laps;56;54;A3;"Stats F1: 54 vueltas; formula1db y Ergast: 54"
1974;6;monaco;RACE_RESULT;francois-migault;François Migault;race_laps;5;4;A3;"Stats F1: 4 vueltas; formula1db y Ergast: 4"
1974;6;monaco;RACE_RESULT;james-hunt;James Hunt;race_laps;28;27;A3;"Stats F1: 27 vueltas; formula1db y Ergast: 27"
1974;11;germany;RACE_RESULT;james-hunt;James Hunt;race_laps;11;10;A3;"Stats F1: 10 vueltas; formula1db y Ergast: 10"
1975;7;sweden;RACE_RESULT;alan-jones;Alan Jones;race_laps;79;78;A3;"Stats F1: 78 vueltas; formula1db y Ergast: 78"
1976;9;great-britain;RACE_RESULT;bob-evans;Bob Evans;race_laps;31;24;A3;"Stats F1: 24 vueltas; formula1db y Ergast: 24"
1976;11;austria;RACE_RESULT;alan-jones;Alan Jones;race_laps;40;30;A3;"Stats F1: 30 vueltas; formula1db y Ergast: 30"
1978;3;south-africa;RACE_RESULT;emerson-fittipaldi;Emerson Fittipaldi;race_laps;8;9;A3;"Stats F1: 9 vueltas; formula1db y Ergast: 9"
1981;14;canada;RACE_RESULT;slim-borgudd;Slim Borgudd;race_laps;39;40;A3;"Stats F1: 40 vueltas; formula1db y Ergast: 40"
1982;15;italy;RACE_RESULT;elio-de-angelis;Elio de Angelis;race_laps;34;33;A3;"Stats F1: 33 vueltas; formula1db y Ergast: 33"
1982;15;italy;RACE_RESULT;niki-lauda;Niki Lauda;race_laps;22;21;A3;"Stats F1: 21 vueltas; formula1db y Ergast: 21"
1983;10;germany;RACE_RESULT;niki-lauda;Niki Lauda;race_laps;38;44;A3;"Stats F1: 44 vueltas; formula1db y Ergast: 44"
1984;2;south-africa;RACE_RESULT;thierry-boutsen;Thierry Boutsen;race_laps;71;70;A3;"Stats F1: 70 vueltas; formula1db y Ergast: 70"
1996;3;argentina;FASTEST_LAP;jean-alesi;Jean Alesi;fastest_lap_lap;65;66;A4;"Stats F1 (meilleur tour): vuelta 66; formula1db y Ergast: vuelta 66"
1998;1;australia;FASTEST_LAP;alexander-wurz;Alexander Wurz;fastest_lap_lap;54;55;A4;"Stats F1 (meilleur tour): vuelta 55; formula1db y Ergast: vuelta 55"
1998;1;australia;FASTEST_LAP;damon-hill;Damon Hill;fastest_lap_lap;55;56;A4;"Stats F1 (meilleur tour): vuelta 56; formula1db y Ergast: vuelta 56"
1998;1;australia;FASTEST_LAP;david-coulthard;David Coulthard;fastest_lap_lap;24;23;A4;"Stats F1 (meilleur tour): vuelta 23; formula1db y Ergast: vuelta 23"
1998;1;australia;FASTEST_LAP;eddie-irvine;Eddie Irvine;fastest_lap_lap;33;32;A4;"Stats F1 (meilleur tour): vuelta 32; formula1db y Ergast: vuelta 32"
1998;1;australia;FASTEST_LAP;esteban-tuero;Esteban Tuero;fastest_lap_lap;19;20;A4;"Stats F1 (meilleur tour): vuelta 20; formula1db y Ergast: vuelta 20"
1998;1;australia;FASTEST_LAP;heinz-harald-frentzen;Heinz-Harald Frentzen;fastest_lap_lap;33;32;A4;"Stats F1 (meilleur tour): vuelta 32; formula1db y Ergast: vuelta 32"
1998;1;australia;FASTEST_LAP;jarno-trulli;Jarno Trulli;fastest_lap_lap;25;24;A4;"Stats F1 (meilleur tour): vuelta 24; formula1db y Ergast: vuelta 24"
1998;1;australia;FASTEST_LAP;jean-alesi;Jean Alesi;fastest_lap_lap;28;27;A4;"Stats F1 (meilleur tour): vuelta 27; formula1db y Ergast: vuelta 27"
1998;1;australia;FASTEST_LAP;johnny-herbert;Johnny Herbert;fastest_lap_lap;24;23;A4;"Stats F1 (meilleur tour): vuelta 23; formula1db y Ergast: vuelta 23"
1998;1;australia;FASTEST_LAP;michael-schumacher;Michael Schumacher;fastest_lap_lap;3;2;A4;"Stats F1 (meilleur tour): vuelta 2; formula1db y Ergast: vuelta 2"
1998;1;australia;FASTEST_LAP;mika-hakkinen;Mika Häkkinen;fastest_lap_lap;38;39;A4;"Stats F1 (meilleur tour): vuelta 39; formula1db y Ergast: vuelta 39"
1998;1;australia;FASTEST_LAP;mika-salo;Mika Salo;fastest_lap_lap;18;17;A4;"Stats F1 (meilleur tour): vuelta 17; formula1db y Ergast: vuelta 17"
1998;1;australia;FASTEST_LAP;shinji-nakano;Shinji Nakano;fastest_lap_lap;3;2;A4;"Stats F1 (meilleur tour): vuelta 2; formula1db y Ergast: vuelta 2"
1998;2;brazil;FASTEST_LAP;eddie-irvine;Eddie Irvine;fastest_lap_lap;60;61;A4;"Stats F1 (meilleur tour): vuelta 61; formula1db y Ergast: vuelta 61"
1998;2;brazil;FASTEST_LAP;esteban-tuero;Esteban Tuero;fastest_lap_lap;38;37;A4;"Stats F1 (meilleur tour): vuelta 37; formula1db y Ergast: vuelta 37"
1998;2;brazil;FASTEST_LAP;heinz-harald-frentzen;Heinz-Harald Frentzen;fastest_lap_lap;58;59;A4;"Stats F1 (meilleur tour): vuelta 59; formula1db y Ergast: vuelta 59"
1998;2;brazil;FASTEST_LAP;jacques-villeneuve;Jacques Villeneuve;fastest_lap_lap;58;59;A4;"Stats F1 (meilleur tour): vuelta 59; formula1db y Ergast: vuelta 59"
1998;2;brazil;FASTEST_LAP;jan-magnussen;Jan Magnussen;fastest_lap_lap;26;56;A4;"Stats F1 (meilleur tour): vuelta 56; formula1db y Ergast: vuelta 56"
1998;2;brazil;FASTEST_LAP;jarno-trulli;Jarno Trulli;fastest_lap_lap;9;8;A4;"Stats F1 (meilleur tour): vuelta 8; formula1db y Ergast: vuelta 8"
1998;2;brazil;FASTEST_LAP;michael-schumacher;Michael Schumacher;fastest_lap_lap;62;63;A4;"Stats F1 (meilleur tour): vuelta 63; formula1db y Ergast: vuelta 63"
1998;2;brazil;FASTEST_LAP;mika-salo;Mika Salo;fastest_lap_lap;13;12;A4;"Stats F1 (meilleur tour): vuelta 12; formula1db y Ergast: vuelta 12"
1998;2;brazil;FASTEST_LAP;pedro-diniz;Pedro Diniz;fastest_lap_lap;17;16;A4;"Stats F1 (meilleur tour): vuelta 16; formula1db y Ergast: vuelta 16"
1998;2;brazil;FASTEST_LAP;ricardo-rosset;Ricardo Rosset;fastest_lap_lap;24;14;A4;"Stats F1 (meilleur tour): vuelta 14; formula1db y Ergast: vuelta 14"
1998;2;brazil;FASTEST_LAP;toranosuke-takagi;Toranosuke Takagi;fastest_lap_lap;19;18;A4;"Stats F1 (meilleur tour): vuelta 18; formula1db y Ergast: vuelta 18"
1998;3;argentina;FASTEST_LAP;damon-hill;Damon Hill;fastest_lap_lap;46;48;A4;"Stats F1 (meilleur tour): vuelta 48; formula1db y Ergast: vuelta 48"
1998;3;argentina;FASTEST_LAP;david-coulthard;David Coulthard;fastest_lap_lap;57;58;A4;"Stats F1 (meilleur tour): vuelta 58; formula1db y Ergast: vuelta 58"
1998;3;argentina;FASTEST_LAP;giancarlo-fisichella;Giancarlo Fisichella;fastest_lap_lap;69;70;A4;"Stats F1 (meilleur tour): vuelta 70; formula1db y Ergast: vuelta 70"
1998;3;argentina;FASTEST_LAP;jean-alesi;Jean Alesi;fastest_lap_lap;44;45;A4;"Stats F1 (meilleur tour): vuelta 45; formula1db y Ergast: vuelta 45"
1998;3;argentina;FASTEST_LAP;michael-schumacher;Michael Schumacher;fastest_lap_lap;23;53;A4;"Stats F1 (meilleur tour): vuelta 53; formula1db y Ergast: vuelta 53"
1998;3;argentina;FASTEST_LAP;olivier-panis;Olivier Panis;fastest_lap_lap;57;58;A4;"Stats F1 (meilleur tour): vuelta 58; formula1db y Ergast: vuelta 58"
1998;3;argentina;FASTEST_LAP;ricardo-rosset;Ricardo Rosset;fastest_lap_lap;42;43;A4;"Stats F1 (meilleur tour): vuelta 43; formula1db y Ergast: vuelta 43"
1998;3;argentina;FASTEST_LAP;toranosuke-takagi;Toranosuke Takagi;fastest_lap_lap;41;42;A4;"Stats F1 (meilleur tour): vuelta 42; formula1db y Ergast: vuelta 42"
1998;4;san-marino;FASTEST_LAP;alexander-wurz;Alexander Wurz;fastest_lap_lap;14;15;A4;"Stats F1 (meilleur tour): vuelta 15; formula1db y Ergast: vuelta 15"
1998;4;san-marino;FASTEST_LAP;damon-hill;Damon Hill;fastest_lap_lap;53;55;A4;"Stats F1 (meilleur tour): vuelta 55; formula1db y Ergast: vuelta 55"
1998;4;san-marino;FASTEST_LAP;esteban-tuero;Esteban Tuero;fastest_lap_lap;53;55;A4;"Stats F1 (meilleur tour): vuelta 55; formula1db y Ergast: vuelta 55"
1998;4;san-marino;FASTEST_LAP;heinz-harald-frentzen;Heinz-Harald Frentzen;fastest_lap_lap;39;40;A4;"Stats F1 (meilleur tour): vuelta 40; formula1db y Ergast: vuelta 40"
1998;4;san-marino;FASTEST_LAP;jacques-villeneuve;Jacques Villeneuve;fastest_lap_lap;55;57;A4;"Stats F1 (meilleur tour): vuelta 57; formula1db y Ergast: vuelta 57"
1998;4;san-marino;FASTEST_LAP;jean-alesi;Jean Alesi;fastest_lap_lap;23;24;A4;"Stats F1 (meilleur tour): vuelta 24; formula1db y Ergast: vuelta 24"
1998;4;san-marino;FASTEST_LAP;michael-schumacher;Michael Schumacher;fastest_lap_lap;46;48;A4;"Stats F1 (meilleur tour): vuelta 48; formula1db y Ergast: vuelta 48"
1998;4;san-marino;FASTEST_LAP;mika-salo;Mika Salo;fastest_lap_lap;19;20;A4;"Stats F1 (meilleur tour): vuelta 20; formula1db y Ergast: vuelta 20"
1998;4;san-marino;FASTEST_LAP;olivier-panis;Olivier Panis;fastest_lap_lap;53;55;A4;"Stats F1 (meilleur tour): vuelta 55; formula1db y Ergast: vuelta 55"
1998;4;san-marino;FASTEST_LAP;shinji-nakano;Shinji Nakano;fastest_lap_lap;21;22;A4;"Stats F1 (meilleur tour): vuelta 22; formula1db y Ergast: vuelta 22"
1998;4;san-marino;FASTEST_LAP;toranosuke-takagi;Toranosuke Takagi;fastest_lap_lap;21;22;A4;"Stats F1 (meilleur tour): vuelta 22; formula1db y Ergast: vuelta 22"
1998;5;spain;FASTEST_LAP;alexander-wurz;Alexander Wurz;fastest_lap_lap;43;44;A4;"Stats F1 (meilleur tour): vuelta 44; formula1db y Ergast: vuelta 44"
1998;5;spain;FASTEST_LAP;damon-hill;Damon Hill;fastest_lap_lap;37;38;A4;"Stats F1 (meilleur tour): vuelta 38; formula1db y Ergast: vuelta 38"
1998;5;spain;FASTEST_LAP;david-coulthard;David Coulthard;fastest_lap_lap;61;63;A4;"Stats F1 (meilleur tour): vuelta 63; formula1db y Ergast: vuelta 63"
1998;5;spain;FASTEST_LAP;esteban-tuero;Esteban Tuero;fastest_lap_lap;45;47;A4;"Stats F1 (meilleur tour): vuelta 47; formula1db y Ergast: vuelta 47"
1998;5;spain;FASTEST_LAP;heinz-harald-frentzen;Heinz-Harald Frentzen;fastest_lap_lap;3;4;A4;"Stats F1 (meilleur tour): vuelta 4; formula1db y Ergast: vuelta 4"
1998;5;spain;FASTEST_LAP;jan-magnussen;Jan Magnussen;fastest_lap_lap;43;44;A4;"Stats F1 (meilleur tour): vuelta 44; formula1db y Ergast: vuelta 44"
1998;5;spain;FASTEST_LAP;jarno-trulli;Jarno Trulli;fastest_lap_lap;25;26;A4;"Stats F1 (meilleur tour): vuelta 26; formula1db y Ergast: vuelta 26"
1998;5;spain;FASTEST_LAP;jean-alesi;Jean Alesi;fastest_lap_lap;31;32;A4;"Stats F1 (meilleur tour): vuelta 32; formula1db y Ergast: vuelta 32"
1998;5;spain;FASTEST_LAP;johnny-herbert;Johnny Herbert;fastest_lap_lap;25;26;A4;"Stats F1 (meilleur tour): vuelta 26; formula1db y Ergast: vuelta 26"
1998;5;spain;FASTEST_LAP;michael-schumacher;Michael Schumacher;fastest_lap_lap;45;47;A4;"Stats F1 (meilleur tour): vuelta 47; formula1db y Ergast: vuelta 47"
1998;5;spain;FASTEST_LAP;olivier-panis;Olivier Panis;fastest_lap_lap;57;59;A4;"Stats F1 (meilleur tour): vuelta 59; formula1db y Ergast: vuelta 59"
1998;5;spain;FASTEST_LAP;ralf-schumacher;Ralf Schumacher;fastest_lap_lap;40;41;A4;"Stats F1 (meilleur tour): vuelta 41; formula1db y Ergast: vuelta 41"
1998;5;spain;FASTEST_LAP;rubens-barrichello;Rubens Barrichello;fastest_lap_lap;23;24;A4;"Stats F1 (meilleur tour): vuelta 24; formula1db y Ergast: vuelta 24"
1998;6;monaco;FASTEST_LAP;alexander-wurz;Alexander Wurz;fastest_lap_lap;41;40;A4;"Stats F1 (meilleur tour): vuelta 40; formula1db y Ergast: vuelta 40"
1998;6;monaco;FASTEST_LAP;eddie-irvine;Eddie Irvine;fastest_lap_lap;29;28;A4;"Stats F1 (meilleur tour): vuelta 28; formula1db y Ergast: vuelta 28"
1998;6;monaco;FASTEST_LAP;giancarlo-fisichella;Giancarlo Fisichella;fastest_lap_lap;26;25;A4;"Stats F1 (meilleur tour): vuelta 25; formula1db y Ergast: vuelta 25"
1998;6;monaco;FASTEST_LAP;heinz-harald-frentzen;Heinz-Harald Frentzen;fastest_lap_lap;6;5;A4;"Stats F1 (meilleur tour): vuelta 5; formula1db y Ergast: vuelta 5"
1998;6;monaco;FASTEST_LAP;jan-magnussen;Jan Magnussen;fastest_lap_lap;25;24;A4;"Stats F1 (meilleur tour): vuelta 24; formula1db y Ergast: vuelta 24"
1998;6;monaco;FASTEST_LAP;jarno-trulli;Jarno Trulli;fastest_lap_lap;26;25;A4;"Stats F1 (meilleur tour): vuelta 25; formula1db y Ergast: vuelta 25"
1998;6;monaco;FASTEST_LAP;michael-schumacher;Michael Schumacher;fastest_lap_lap;64;65;A4;"Stats F1 (meilleur tour): vuelta 65; formula1db y Ergast: vuelta 65"
1998;6;monaco;FASTEST_LAP;mika-hakkinen;Mika Häkkinen;fastest_lap_lap;30;29;A4;"Stats F1 (meilleur tour): vuelta 29; formula1db y Ergast: vuelta 29"
1998;6;monaco;FASTEST_LAP;mika-salo;Mika Salo;fastest_lap_lap;39;38;A4;"Stats F1 (meilleur tour): vuelta 38; formula1db y Ergast: vuelta 38"
1998;6;monaco;FASTEST_LAP;pedro-diniz;Pedro Diniz;fastest_lap_lap;40;39;A4;"Stats F1 (meilleur tour): vuelta 39; formula1db y Ergast: vuelta 39"
1998;6;monaco;FASTEST_LAP;ralf-schumacher;Ralf Schumacher;fastest_lap_lap;24;23;A4;"Stats F1 (meilleur tour): vuelta 23; formula1db y Ergast: vuelta 23"
1998;6;monaco;FASTEST_LAP;rubens-barrichello;Rubens Barrichello;fastest_lap_lap;10;9;A4;"Stats F1 (meilleur tour): vuelta 9; formula1db y Ergast: vuelta 9"
1998;6;monaco;FASTEST_LAP;toranosuke-takagi;Toranosuke Takagi;fastest_lap_lap;59;60;A4;"Stats F1 (meilleur tour): vuelta 60; formula1db y Ergast: vuelta 60"
1998;7;canada;FASTEST_LAP;damon-hill;Damon Hill;fastest_lap_lap;26;25;A4;"Stats F1 (meilleur tour): vuelta 25; formula1db y Ergast: vuelta 25"
1998;7;canada;FASTEST_LAP;david-coulthard;David Coulthard;fastest_lap_lap;12;11;A4;"Stats F1 (meilleur tour): vuelta 11; formula1db y Ergast: vuelta 11"
1998;7;canada;FASTEST_LAP;eddie-irvine;Eddie Irvine;fastest_lap_lap;53;54;A4;"Stats F1 (meilleur tour): vuelta 54; formula1db y Ergast: vuelta 54"
1998;7;canada;FASTEST_LAP;giancarlo-fisichella;Giancarlo Fisichella;fastest_lap_lap;35;34;A4;"Stats F1 (meilleur tour): vuelta 34; formula1db y Ergast: vuelta 34"
1998;7;canada;FASTEST_LAP;heinz-harald-frentzen;Heinz-Harald Frentzen;fastest_lap_lap;13;12;A4;"Stats F1 (meilleur tour): vuelta 12; formula1db y Ergast: vuelta 12"
1998;7;canada;FASTEST_LAP;jan-magnussen;Jan Magnussen;fastest_lap_lap;33;32;A4;"Stats F1 (meilleur tour): vuelta 32; formula1db y Ergast: vuelta 32"
1998;7;canada;FASTEST_LAP;michael-schumacher;Michael Schumacher;fastest_lap_lap;47;48;A4;"Stats F1 (meilleur tour): vuelta 48; formula1db y Ergast: vuelta 48"
1998;7;canada;FASTEST_LAP;mika-salo;Mika Salo;fastest_lap_lap;9;8;A4;"Stats F1 (meilleur tour): vuelta 8; formula1db y Ergast: vuelta 8"
1998;7;canada;FASTEST_LAP;pedro-diniz;Pedro Diniz;fastest_lap_lap;66;67;A4;"Stats F1 (meilleur tour): vuelta 67; formula1db y Ergast: vuelta 67"
1998;7;canada;FASTEST_LAP;ricardo-rosset;Ricardo Rosset;fastest_lap_lap;59;60;A4;"Stats F1 (meilleur tour): vuelta 60; formula1db y Ergast: vuelta 60"
1998;8;france;FASTEST_LAP;alexander-wurz;Alexander Wurz;fastest_lap_lap;34;36;A4;"Stats F1 (meilleur tour): vuelta 36; formula1db y Ergast: vuelta 36"
1998;8;france;FASTEST_LAP;david-coulthard;David Coulthard;fastest_lap_lap;56;59;A4;"Stats F1 (meilleur tour): vuelta 59; formula1db y Ergast: vuelta 59"
1998;8;france;FASTEST_LAP;eddie-irvine;Eddie Irvine;fastest_lap_lap;24;25;A4;"Stats F1 (meilleur tour): vuelta 25; formula1db y Ergast: vuelta 25"
1998;8;france;FASTEST_LAP;giancarlo-fisichella;Giancarlo Fisichella;fastest_lap_lap;46;48;A4;"Stats F1 (meilleur tour): vuelta 48; formula1db y Ergast: vuelta 48"
1998;8;france;FASTEST_LAP;heinz-harald-frentzen;Heinz-Harald Frentzen;fastest_lap_lap;47;48;A4;"Stats F1 (meilleur tour): vuelta 48; formula1db y Ergast: vuelta 48"
1998;8;france;FASTEST_LAP;jacques-villeneuve;Jacques Villeneuve;fastest_lap_lap;41;42;A4;"Stats F1 (meilleur tour): vuelta 42; formula1db y Ergast: vuelta 42"
1998;8;france;FASTEST_LAP;jarno-trulli;Jarno Trulli;fastest_lap_lap;5;6;A4;"Stats F1 (meilleur tour): vuelta 6; formula1db y Ergast: vuelta 6"
1998;8;france;FASTEST_LAP;jean-alesi;Jean Alesi;fastest_lap_lap;46;48;A4;"Stats F1 (meilleur tour): vuelta 48; formula1db y Ergast: vuelta 48"
1998;8;france;FASTEST_LAP;johnny-herbert;Johnny Herbert;fastest_lap_lap;49;51;A4;"Stats F1 (meilleur tour): vuelta 51; formula1db y Ergast: vuelta 51"
1998;8;france;FASTEST_LAP;jos-verstappen;Jos Verstappen;fastest_lap_lap;45;47;A4;"Stats F1 (meilleur tour): vuelta 47; formula1db y Ergast: vuelta 47"
1998;8;france;FASTEST_LAP;mika-hakkinen;Mika Häkkinen;fastest_lap_lap;51;52;A4;"Stats F1 (meilleur tour): vuelta 52; formula1db y Ergast: vuelta 52"
1998;8;france;FASTEST_LAP;mika-salo;Mika Salo;fastest_lap_lap;60;61;A4;"Stats F1 (meilleur tour): vuelta 61; formula1db y Ergast: vuelta 61"
1998;8;france;FASTEST_LAP;olivier-panis;Olivier Panis;fastest_lap_lap;31;32;A4;"Stats F1 (meilleur tour): vuelta 32; formula1db y Ergast: vuelta 32"
1998;8;france;FASTEST_LAP;ralf-schumacher;Ralf Schumacher;fastest_lap_lap;53;56;A4;"Stats F1 (meilleur tour): vuelta 56; formula1db y Ergast: vuelta 56"
1998;8;france;FASTEST_LAP;rubens-barrichello;Rubens Barrichello;fastest_lap_lap;42;43;A4;"Stats F1 (meilleur tour): vuelta 43; formula1db y Ergast: vuelta 43"
1998;8;france;FASTEST_LAP;shinji-nakano;Shinji Nakano;fastest_lap_lap;41;42;A4;"Stats F1 (meilleur tour): vuelta 42; formula1db y Ergast: vuelta 42"
1998;8;france;FASTEST_LAP;toranosuke-takagi;Toranosuke Takagi;fastest_lap_lap;35;37;A4;"Stats F1 (meilleur tour): vuelta 37; formula1db y Ergast: vuelta 37"
2020;2;styria;RACE_RESULT;charles-leclerc;Charles Leclerc;race_grid_position_number;11;14;A5;"Parrilla final oficial (decision document) (FIA): parrilla 14; igual que STARTING_GRID_POSITION de F1DB"
2020;2;styria;RACE_RESULT;charles-leclerc;Charles Leclerc;race_grid_position_text;11;14;A5;"Parrilla final oficial (decision document) (FIA): parrilla 14; igual que STARTING_GRID_POSITION de F1DB"
2020;2;styria;RACE_RESULT;daniil-kvyat;Daniil Kvyat;race_grid_position_number;14;13;A5;"Parrilla final oficial (decision document) (FIA): parrilla 13; igual que STARTING_GRID_POSITION de F1DB"
2020;2;styria;RACE_RESULT;daniil-kvyat;Daniil Kvyat;race_grid_position_text;14;13;A5;"Parrilla final oficial (decision document) (FIA): parrilla 13; igual que STARTING_GRID_POSITION de F1DB"
2020;2;styria;RACE_RESULT;daniil-kvyat;Daniil Kvyat;race_positions_gained;4;3;A5;"Parrilla final oficial (decision document) (FIA): parrilla 13; igual que STARTING_GRID_POSITION de F1DB"
2020;2;styria;RACE_RESULT;george-russell;George Russell;race_grid_position_number;12;11;A5;"Parrilla final oficial (decision document) (FIA): parrilla 11; igual que STARTING_GRID_POSITION de F1DB"
2020;2;styria;RACE_RESULT;george-russell;George Russell;race_grid_position_text;12;11;A5;"Parrilla final oficial (decision document) (FIA): parrilla 11; igual que STARTING_GRID_POSITION de F1DB"
2020;2;styria;RACE_RESULT;george-russell;George Russell;race_positions_gained;-4;-5;A5;"Parrilla final oficial (decision document) (FIA): parrilla 11; igual que STARTING_GRID_POSITION de F1DB"
2020;2;styria;RACE_RESULT;lance-stroll;Lance Stroll;race_grid_position_number;13;12;A5;"Parrilla final oficial (decision document) (FIA): parrilla 12; igual que STARTING_GRID_POSITION de F1DB"
2020;2;styria;RACE_RESULT;lance-stroll;Lance Stroll;race_grid_position_text;13;12;A5;"Parrilla final oficial (decision document) (FIA): parrilla 12; igual que STARTING_GRID_POSITION de F1DB"
2020;2;styria;RACE_RESULT;lance-stroll;Lance Stroll;race_positions_gained;6;5;A5;"Parrilla final oficial (decision document) (FIA): parrilla 12; igual que STARTING_GRID_POSITION de F1DB"
2023;17;qatar;RACE_RESULT;nico-hulkenberg;Nico Hülkenberg;race_grid_position_number;12;14;A5;"Parrilla final oficial (decision document) (FIA): parrilla 14; igual que STARTING_GRID_POSITION de F1DB"
2023;17;qatar;RACE_RESULT;nico-hulkenberg;Nico Hülkenberg;race_grid_position_text;12;14;A5;"Parrilla final oficial (decision document) (FIA): parrilla 14; igual que STARTING_GRID_POSITION de F1DB"
2023;17;qatar;RACE_RESULT;nico-hulkenberg;Nico Hülkenberg;race_positions_gained;-4;-2;A5;"Parrilla final oficial (decision document) (FIA): parrilla 14; igual que STARTING_GRID_POSITION de F1DB"
2018;20;brazil;RACE_RESULT;esteban-ocon;Esteban Ocon;position_display_order;14;15;N1;Clasificación oficial FIA: 14. Vandoorne 1:28:14.332, 15. Ocon 1:28:15.651 (coinciden FastF1, Ergast y formula1db)
2018;20;brazil;RACE_RESULT;esteban-ocon;Esteban Ocon;position_number;14;15;N1;Clasificación oficial FIA: 14. Vandoorne 1:28:14.332, 15. Ocon 1:28:15.651 (coinciden FastF1, Ergast y formula1db)
2018;20;brazil;RACE_RESULT;esteban-ocon;Esteban Ocon;position_text;14;15;N1;Clasificación oficial FIA: 14. Vandoorne 1:28:14.332, 15. Ocon 1:28:15.651 (coinciden FastF1, Ergast y formula1db)
2018;20;brazil;RACE_RESULT;esteban-ocon;Esteban Ocon;race_positions_gained;4;3;N1;Clasificación oficial FIA: 14. Vandoorne 1:28:14.332, 15. Ocon 1:28:15.651 (coinciden FastF1, Ergast y formula1db)
2018;20;brazil;RACE_RESULT;stoffel-vandoorne;Stoffel Vandoorne;position_display_order;15;14;N1;Clasificación oficial FIA: 14. Vandoorne 1:28:14.332, 15. Ocon 1:28:15.651 (coinciden FastF1, Ergast y formula1db)
2018;20;brazil;RACE_RESULT;stoffel-vandoorne;Stoffel Vandoorne;position_number;15;14;N1;Clasificación oficial FIA: 14. Vandoorne 1:28:14.332, 15. Ocon 1:28:15.651 (coinciden FastF1, Ergast y formula1db)
2018;20;brazil;RACE_RESULT;stoffel-vandoorne;Stoffel Vandoorne;position_text;15;14;N1;Clasificación oficial FIA: 14. Vandoorne 1:28:14.332, 15. Ocon 1:28:15.651 (coinciden FastF1, Ergast y formula1db)
2018;20;brazil;RACE_RESULT;stoffel-vandoorne;Stoffel Vandoorne;race_positions_gained;5;6;N1;Clasificación oficial FIA: 14. Vandoorne 1:28:14.332, 15. Ocon 1:28:15.651 (coinciden FastF1, Ergast y formula1db)
2021;20;qatar;QUALIFYING_RESULT;max-verstappen;Max Verstappen;qualifying_gap_millis;597;455;N2;FIA Qualifying Session Lap Times: Q3 vuelta 15 1:21.424, vuelta 18 1:21.282 (mejor)
2021;20;qatar;QUALIFYING_RESULT;max-verstappen;Max Verstappen;qualifying_q3_millis;81424;81282;N2;FIA Qualifying Session Lap Times: Q3 vuelta 15 1:21.424, vuelta 18 1:21.282 (mejor)
1980;3;south-africa;ALL;jan-lammers;Jan Lammers;driver_number;9;10;N3;"F1DB tiene a Surer y Lammers con el #9 en el mismo equipo; formula1db.com: #10"
